letter_index,letter,frequency
1,A,8.167
2,B,1.492
3,C,2.782
4,D,4.253
5,E,12.702
6,F,2.228
7,G,2.015
8,H,6.093999999999999
9,I,6.966
10,J,0.153
11,K,0.772
12,L,4.025
13,M,2.406
14,N,6.749
15,O,7.507000000000001
16,P,1.929
17,Q,0.095
18,R,5.987
19,S,6.327000000000001
20,T,9.056
21,U,2.758
22,V,0.978
23,W,2.36
24,X,0.15
25,Y,1.974
26,Z,0.074